state,year,white,black,native,asian,hispanic,male,female,0,1-4,5-9,10-14,15-19,20-24,25-29,30-34,35-39,40-44,45-49,50-54,55-59,60-64,65-69,70-74,75-79,80-84,85+
CO,2012,3669739,226400,38864,169241,1085623,2601813,2588054,65093,273167,354258,342964,340513,365459,382508,377610,346555,361933,350440,375076,347944,293833,216436,142642,101480,76281,75675
RI,2006,848398,60467,5422,31152,117657,512962,550134,11875,48411,62766,69179,82755,79150,67202,61673,73913,81882,84040,75956,67162,49016,36203,30693,30656,26008,24556
WI,2010,4782204,377563,54099,138611,337786,2824224,2866039,69544,288282,367917,375748,399338,386130,372192,351281,342884,378903,435097,437188,388396,317761,228339,173910,140837,117241,119275
NV,2016,1513691,280632,28896,280213,836626,1473997,1466061,36972,147490,191074,188525,177662,185929,219451,208676,198443,189315,197534,195325,189170,173350,160492,115106,77217,46790,41537
DE,2004,583947,169532,2914,23136,51274,403483,427320,11029,42864,52309,59034,59679,57528,53304,53668,59968,65623,63228,54593,49067,39502,31746,27529,22160,15744,12228
MO,2014,4919859,740924,32508,130170,237469,2973987,3086943,75303,300630,389888,391491,395259,436052,401089,400633,361664,368832,378598,440418,424011,365007,300109,225252,162147,119405,125142
RI,2012,806862,65592,5223,35333,139891,509650,543251,11104,44541,59487,61970,76623,83655,68380,64028,59484,69591,76923,81106,75152,61979,49029,33250,26065,22840,27694
VT,2006,597881,6389,2763,7722,8137,306602,316290,6051,26422,35114,41341,48968,44401,31965,34737,41113,48182,52737,50540,45735,32699,23734,18870,16300,12573,11410
UT,2004,2026307,24201,28082,68126,254864,1204831,1196749,48684,181734,203697,197157,207942,241484,195505,172279,143961,152061,146465,127177,100488,77090,60017,49815,41442,30454,24128
IN,2014,5352442,652882,18060,142621,429228,3249425,3345808,83766,337080,440205,449637,455746,488369,423046,424132,402880,419615,421336,467327,452270,388610,311283,225083,161545,117205,126098
ME,2016,1259183,23067,10280,17891,21058,652585,678894,12751,52317,69104,73389,80226,77210,79636,77358,74884,75883,89225,101523,108918,101372,90588,61743,42366,30696,32290
IA,2010,2725937,103227,9757,58885,152932,1511120,1539618,39309,162732,200845,201163,216775,213988,198075,186259,176483,187319,215016,223410,205506,170407,124670,100408,83228,70074,75071
WY,2016,498369,8832,13369,6518,58413,298942,286559,7406,30739,40249,38402,36930,40363,40926,41022,38310,33024,32992,36060,41980,39286,32380,20860,14415,9622,10535
HI,2014,307713,35251,3604,932744,137037,711442,704907,18634,73536,86393,82224,79631,102099,103714,100221,88438,87595,87843,94558,94954,89030,74792,51562,35143,28876,37106
PA,2006,10251323,1337422,20354,318470,583240,6081497,6429312,144516,576959,746070,838105,917397,828158,752467,708505,834948,929004,994997,919683,824281,602770,481727,419774,399346,317038,275064
MO,2012,4915792,731118,31647,121766,225092,2953715,3071700,74658,306130,391109,394448,403720,430068,400527,391425,352331,379917,407365,447584,410716,352281,279843,207229,156571,119336,120157
MN,2014,4499654,344700,66362,266347,276046,2711278,2741831,70133,279838,361659,357909,355384,366194,365834,380917,336118,332271,352244,404124,383996,326646,250406,181335,132036,99602,116463
MI,2014,7617133,1450747,69831,303585,474471,4872924,5042843,114362,460154,605267,644180,677334,736064,610438,591921,566394,621744,657135,735660,731797,633562,505765,366860,257630,189584,209916
HI,2004,277149,29291,3455,866278,97396,636705,636864,18136,63807,77604,88085,83420,95485,84549,84611,87117,95309,95879,92359,79165,57576,44594,40201,37166,26917,21589
NE,2014,1529649,98206,17011,44484,191795,936546,944599,26494,104608,133100,128973,127695,137785,123653,129670,114317,110679,110331,128313,124876,109567,84777,60849,46933,36871,41654
AR,2002,2126092,428236,19219,26686,105694,1322688,1383239,37217,145493,182837,195632,194395,195427,170896,177053,189601,199600,191230,174804,151659,124812,106576,91686,76630,54113,46266
WV,2000,1720099,60410,3572,10593,12347,878752,928269,20292,81047,110195,116184,125735,120617,112230,115098,128850,142357,141705,130175,99344,86132,75639,72491,58859,38116,31955
ME,2006,1270709,15328,9062,13435,15085,647462,676157,14012,56811,75533,85366,94177,80392,70538,73229,89742,104183,111597,105294,97310,70988,53867,45480,39453,29343,26304
NJ,2004,5529745,1162766,15978,621321,1304751,4197597,4436964,114609,454569,574101,622552,571069,507651,527910,595797,667565,728970,682993,582215,502481,382779,295841,261919,235328,179372,146840
DC,2000,162567,345917,1593,16703,45266,269403,302643,6577,25744,34997,30137,37829,52303,52579,48832,45754,41785,39542,36283,27909,22011,18439,17328,14992,10047,8958
FL,2010,11067172,2963723,54353,511389,4252461,9213907,9635191,207939,863583,1079212,1131082,1221111,1240141,1184681,1116754,1172547,1253025,1398742,1346891,1210310,1143156,965513,774179,616598,484764,438870
AL,2008,3226007,1246295,27526,54669,163709,2287949,2430257,63816,241026,306682,319503,345580,328751,311504,287272,313869,318765,348148,340006,301833,254507,198122,156112,121862,88254,72594
DC,2014,240428,320270,1827,27291,69189,313069,345936,8964,33638,31086,25920,37291,58785,78136,71834,50659,41914,37724,39057,36734,32437,25310,17296,12222,8978,11020
CO,2000,3263334,175028,34359,108908,745292,2179179,2147742,61926,236987,308509,314366,309455,309098,331110,333782,366372,373185,338081,283128,196749,145887,121465,105474,86456,56273,48618
NM,2002,824559,36148,170731,23001,800870,913453,941856,27182,104778,132909,147664,148291,133071,113618,117703,129231,143128,136696,124019,98798,76918,65072,56467,44763,30514,24487
VA,2004,5157136,1482757,22209,364172,449301,3661265,3814310,101247,392214,475629,523857,525374,537407,485215,531092,562757,612961,586066,515928,449289,333028,250156,204256,169681,123023,96395
CA,2008,15606804,2347982,210523,4991035,13447993,18207365,18396972,529416,2031645,2423440,2640937,2823230,2685532,2729493,2497578,2650671,2628234,2683057,2475459,2094639,1654246,1204606,928138,761030,602079,560907
TX,2014,11947793,3240791,99697,1253336,10403134,13372528,13572223,396679,1571299,2009714,1991947,1908582,2000421,1966457,1957471,1806627,1820413,1703643,1759695,1616030,1338722,1074179,756555,529844,373623,362850
ID,2014,1375095,15048,20894,27021,195474,818492,815040,22359,91440,123660,122219,115349,112139,107368,108068,102126,97352,94373,104441,104067,95229,80098,58700,39949,27350,27245
TN,2012,4904368,1110448,18348,111217,309925,3146638,3307668,80538,322657,414738,422042,422077,456694,418901,420862,403031,440207,449569,462529,436125,385755,312335,223527,161186,115277,106256
SD,2014,715943,18493,75546,12114,30465,428926,423635,12530,48296,60208,55934,56937,61077,56107,56404,49083,46726,48496,58896,58669,53004,40468,28833,22067,17713,21113
DC,2006,184613,315872,1737,19937,48522,269359,301322,7321,24036,25968,30048,39473,55644,56351,48803,43247,39469,38310,36200,34626,25219,18803,14796,12766,10427,9174
NY,2006,11613210,2906370,69397,1352712,3162942,9233230,9871401,236006,924991,1164565,1297452,1378904,1324873,1326593,1234210,1381743,1475057,1470367,1318003,1199399,880240,680803,566146,502443,390279,352557
LA,2014,2791189,1515968,31748,85854,223121,2274411,2373469,63546,245724,313963,307942,300464,348807,340311,330714,285854,279022,289507,322674,315952,270673,216653,154366,110143,77528,74037
OR,2010,3077950,82988,53089,171600,452421,1899392,1938656,46406,191163,236969,242532,253401,254540,264788,260180,250438,249489,261628,275897,274191,239088,171585,121568,91678,74041,78466
TN,2010,4862633,1082812,17771,101941,291514,3098653,3258018,78965,328187,411852,419338,435102,429186,417839,408097,420641,431313,466271,459954,417495,373936,282128,207847,155243,112455,100822
SD,2000,670280,5929,63629,5011,10995,375163,380681,10324,40717,54225,59650,62688,53086,44720,45942,56335,58895,54167,44223,33817,28859,26993,25942,22548,16520,16193
NE,2006,1504276,83162,15687,31087,138481,878006,894687,25824,101729,119374,124213,132554,135370,111323,112007,111855,122948,133170,123666,107599,75825,60595,52890,47871,37562,36318
IN,2002,5270784,544192,16407,75175,249409,3022625,3133342,84208,341506,433323,454818,450831,448045,387843,424161,451667,486210,458164,402883,323626,250725,203939,186640,160626,112543,94209
ME,2008,1272672,17502,9563,14273,16499,651096,679413,13965,57242,74959,80956,92327,80001,72758,71184,85698,97312,110517,109597,98961,81694,59398,46584,39115,30326,27915
MS,2012,1737243,1118322,14860,30552,83968,1450363,1534582,38886,162679,208263,208196,211647,223590,195018,195297,180387,190361,195516,207669,194979,168478,132991,98802,72595,52178,47413
MO,2006,4843754,694249,30048,97568,177085,2855141,2987563,78061,303187,381157,406907,427560,415143,380893,355143,383032,428058,451118,406935,364625,276273,220958,184129,156244,118596,104685
NC,2002,5804603,1812306,102545,144814,461933,4076022,4250179,116474,450446,552145,586567,567905,592160,567593,634518,640648,654270,608033,549175,456119,348965,293798,251881,205887,139921,109696
WV,2012,1741378,71430,3767,15296,24689,916825,939735,20762,82674,105989,108571,113332,125187,106878,113520,111370,121310,125876,137973,139854,131309,101055,75220,55884,41866,37930
MI,2002,7916992,1460254,66588,214740,357136,4915539,5100171,129825,534407,707356,770306,727968,683028,600098,702771,743805,804779,768119,673707,536568,402810,327286,305171,262910,185427,149369
HI,2012,302891,33235,3564,924049,128081,698169,693651,18605,72542,85133,81587,82024,100539,101311,94891,85324,89776,91296,96233,94898,87023,67667,45375,33975,29640,33981
UT,2012,2315888,36005,30387,95609,377893,1435805,1419977,49727,208288,257938,239155,219234,241936,215912,226193,192554,166799,150177,155459,143235,117852,90184,64213,48269,35572,33085
RI,2004,868903,58665,5402,30593,111016,518204,556375,12993,50125,65871,73730,80581,78101,66436,68807,78176,85796,83550,72481,62256,45973,35459,32543,32472,25955,23274
MD,2016,3160007,1836453,17971,415215,586801,2914466,3101981,72580,294515,376196,373806,385934,392558,420525,413925,391864,369520,412617,442129,430881,363187,305195,210927,144625,100532,114931
OK,2016,2716499,331832,372364,98928,403938,1943903,1979658,52409,214501,270565,265766,262106,279362,276604,268856,250397,228387,230805,245797,257337,230531,198112,143778,104832,72846,70570
ID,2010,1337550,12628,20109,23688,177035,786916,784094,23596,97909,121264,117312,115088,108521,106610,102697,96617,95078,103026,105193,97603,84322,63938,46670,34440,25681,25445
MS,2014,1728936,1127555,15079,32672,88158,1453222,1539178,38286,154730,209767,205556,207807,225452,196668,195582,181968,186558,184788,204745,199078,173367,144083,105518,77211,51864,49372
LA,2006,2709056,1355126,27773,65270,145440,2098593,2204072,52290,235992,288596,306045,326381,329137,300741,259521,281618,310162,328225,304278,268931,194988,155046,124472,103659,73879,58704
SD,2016,722829,20282,76451,13723,32169,436272,429182,12217,49152,60477,57842,56838,61366,55852,56414,52857,45735,47699,54496,59850,55854,46846,30618,22243,17582,21516
WV,2010,1744113,69975,3634,14085,22423,914355,939875,20205,83789,106046,109075,119273,118320,108431,112594,116473,120512,132481,142812,139569,126746,91913,72027,54637,43130,36197
IL,2004,8402101,1893746,24304,522350,1747272,6175564,6414209,175433,696198,862340,932571,905172,893225,855707,895938,901438,980971,944741,827820,683028,523872,412331,349297,310471,235573,203647
MD,2012,3220202,1768832,17525,370480,512612,2852855,3036796,72345,295026,369740,377928,396877,402575,408587,393651,363230,412060,444804,452911,401593,335370,256060,175780,127174,98501,105439
NH,2000,1188035,10147,3330,17673,20697,609771,630111,14147,61603,88330,93825,87097,69193,70774,88821,109381,111991,98907,86900,63210,47322,41145,37214,30706,20989,18327
ID,2012,1351262,13683,20407,25525,185034,799232,796679,22168,94414,122375,119496,113325,111446,105468,105675,96836,97357,97153,105651,101646,90301,72025,51656,36383,26294,26242
RI,2010,819071,64174,5216,33131,131745,508958,544379,11070,46217,60370,63576,79676,82695,66075,61532,63150,72760,81020,81098,71241,60396,43205,31226,26479,24512,27039
HI,2002,269807,30513,3301,845094,90898,623421,616192,16627,61817,80570,85911,81762,91543,81985,86924,90941,94964,93689,87277,69772,50378,42770,41556,36851,24684,19592
ND,2014,647316,17747,40275,10854,23712,379182,360722,11129,40814,48255,42777,48830,70300,56255,52191,42952,39481,40669,49228,49772,42410,31523,22625,17950,14762,17981
KS,2002,2253591,165164,27062,57218,210500,1341637,1371898,38496,152001,190379,203075,212019,201799,164712,178102,189700,212385,203215,173713,135862,103693,88791,83382,74028,56156,52027
AR,2006,2170572,444779,20992,35835,149583,1383333,1438428,39522,153187,189078,193810,201049,195078,193194,172938,182705,198667,202213,189076,177584,141109,116682,95443,76198,55823,48405
ID,2002,1183683,7855,17983,16013,114838,671686,668686,20815,80939,100876,107847,111048,101176,84996,87440,90400,99629,97189,85711,68178,52303,42506,36481,30737,23082,19019
MT,2010,882619,6340,65066,7749,28867,497257,493384,12179,50233,60794,61108,66676,67439,64151,59139,55357,57354,70232,78563,76215,63746,46820,34471,25659,20381,20124
NH,2006,1230230,15052,3647,27122,32338,645616,662773,15117,59993,79726,91154,97292,83287,68526,76085,94211,110024,115461,101584,90462,63594,46091,37559,31842,24039,22342
MN,2006,4432272,257902,61399,199058,212924,2562604,2600951,70603,276067,340828,361903,381318,369341,340216,321252,355218,396166,414542,369304,313828,222563,171812,139227,123280,98402,97685
IN,2016,5340258,666231,18449,158244,449871,3269562,3363491,83679,338308,434422,443900,457103,479294,440416,419256,416283,398616,420760,444986,457974,406493,341581,234797,168783,117933,128469
MD,2006,3272143,1658933,16847,299982,379462,2719404,2907963,73820,291752,358243,398974,409378,371492,371645,354146,414217,458642,457583,402904,360392,257859,188572,148591,127536,97538,84083
AK,2010,480134,28647,115585,49638,40027,371669,342362,11047,43375,51071,50927,52026,55037,56140,48341,45783,47253,54401,56350,50290,36502,22429,13347,8904,6040,4768
RI,2008,830729,62657,5347,32079,124191,509591,545412,11796,47285,60974,65974,82103,80076,66627,60561,68863,76560,82860,79247,67195,55180,39768,30647,28076,25528,25683
NY,2016,11157628,2992036,70880,1777620,3747125,9587365,10157924,233692,926365,1144642,1151632,1237380,1391899,1503695,1387078,1272526,1190035,1313743,1392386,1376334,1191373,1009515,703525,509769,371300,438400
MD,2004,3315609,1614833,16524,277074,322895,2676892,2870043,73971,291758,362768,413112,391663,358278,347459,376831,425376,470596,442911,386761,331716,243230,180475,148775,129268,96057,75930
VA,2008,5238048,1552874,23227,443678,575669,3844513,3988983,103442,405772,495406,508988,553537,563806,544850,506336,556194,582073,614208,571798,491619,405093,296792,217536,172534,129704,113808
NV,2008,1511536,221123,27688,211404,681879,1343029,1310601,38556,153991,177236,181778,179570,176177,200873,185619,196351,192004,190555,178525,159618,139759,106139,76565,55449,37236,27629
ND,2002,585813,5590,32867,4899,8999,319151,319017,7502,30186,40437,45415,54264,54122,35694,37499,41727,49459,49267,41598,32011,24996,23005,21933,19091,14910,15052
VT,2000,591580,3873,2856,5753,5556,298769,310849,6423,27523,40909,45549,45909,38034,33842,40367,49134,52573,50361,44121,32775,24404,21090,19559,15981,11004,10060
OH,2016,9339854,1544892,30108,274894,424625,5691694,5922679,137896,560027,712455,738023,768057,771199,781980,724930,703213,676907,749091,798597,847435,757934,646853,434177,321670,229782,254147
WY,2014,497847,9274,13454,6232,56835,297956,285686,7695,30941,40481,37203,36979,43023,40819,41283,36027,33889,32778,40407,42859,37680,28642,19600,13481,9671,10184
WI,2004,4757716,341016,50410,113887,250997,2731348,2782678,70086,279016,358123,400900,415552,394437,325685,353980,385542,445558,433557,385152,311885,236262,189490,165130,147480,112876,103315
UT,2002,1979532,22439,28579,63154,231111,1165962,1158853,46769,173297,195285,196203,212305,243382,182113,161586,145238,152292,141676,117629,90877,68223,55936,48974,40865,29213,22952
OK,2004,2627009,281733,319202,61157,236132,1740562,1784671,49562,193491,234422,251632,260984,278008,223161,227492,223013,262477,258903,232445,203186,163364,133635,113121,93367,67835,55135
PA,2010,10192651,1399345,21522,372459,726366,6196792,6515551,142309,586830,752243,789610,901623,876935,785606,733835,757796,849335,951781,984989,884664,751691,555038,427791,360583,311387,308297
IN,2008,5335910,605411,17294,104476,361715,3160843,3263963,87494,348579,442999,450850,478890,446225,423360,397788,429559,439878,479291,462442,400441,319378,245130,185480,154550,122555,109917
MT,2004,835384,5061,60274,6524,22766,465009,465000,11374,44799,57603,65968,71542,68169,50145,53681,54844,71005,76123,72619,59120,45741,35806,29836,25308,19201,17125
GA,2014,5559573,3174256,26086,403317,923999,4918417,5168814,129169,530661,703319,709868,696254,735827,693276,687049,661216,708799,692915,707341,639082,541756,453211,315828,211235,139736,130689
IL,2014,8120092,1887909,25720,696199,2137624,6318708,6548836,155757,634481,829645,852480,859147,908785,891192,894218,830452,843342,848317,917379,877133,738474,581152,420278,304825,225041,255446
UT,2006,2107705,27450,28697,74237,287418,1267516,1257991,50577,192288,218609,203418,211602,235871,213816,181942,156379,149087,152595,137785,116151,84521,65503,52813,43706,32209,26635
ME,2012,1264067,20628,9983,15825,18392,650858,678037,12874,53699,72995,76875,84698,80056,75033,73715,73104,88129,99603,110507,106284,94981,74406,51393,39276,30764,30503
OH,2008,9500189,1453372,28614,202349,330867,5618797,5896594,145803,581030,752633,785304,840788,752870,741612,670378,757298,790142,881559,870340,757215,599290,459440,360321,303946,246770,218652
IN,2000,5265010,526834,16081,66615,217326,2988697,3103169,85337,337529,441170,445214,455362,429055,405966,421950,476361,483617,439773,383665,296197,236858,203269,191514,160182,106803,92044
GA,2006,5399688,2750215,23104,283143,699663,4485207,4670606,139467,539388,644011,669318,677408,652056,657774,654603,700324,714965,682560,598116,536414,383636,289474,222213,171109,121869,101108
DE,2014,604452,207691,3396,36853,82556,452614,482334,10926,44722,56556,57227,59916,63783,64967,58970,53473,56864,61673,67987,65663,58243,52387,38572,26489,18588,17942
MT,2012,890247,7804,66532,8480,32133,504688,500508,12164,49422,62277,61291,64988,71395,63353,62715,55388,57797,63318,76127,77842,68836,52370,37381,26897,20582,21053
IN,2010,5343747,623610,17247,114299,391625,3193342,3297186,84014,349028,443839,452326,474460,454078,419482,409535,414407,424392,471682,473506,421324,354309,260045,194395,151667,121761,116278
NC,2008,6231090,2026732,112778,210203,728646,4538073,4771376,128608,501192,620441,616255,657428,638820,610065,613810,677233,669799,688876,647629,576896,491700,370536,281302,219734,162104,137021
IN,2004,5285749,562579,16528,84935,283216,3064055,3168952,86516,342329,430003,458100,456485,455140,393661,417066,428530,481650,471559,420133,351775,270823,213512,180958,160161,117390,97216
UT,2000,1933232,20066,28833,58015,204356,1124675,1119827,45201,164821,192897,193767,217947,226801,178064,149379,150623,149721,132852,107392,80836,62975,53823,47968,39978,27493,21964
SC,2012,3056634,1326560,18795,72908,245863,2294970,2425790,57126,237891,301284,302217,313306,350166,305147,299425,283270,309965,321717,332570,317485,293776,245553,171668,120677,81892,75625
MT,2006,853186,5569,61690,6946,25301,477351,475341,11856,46217,58149,63317,70498,71250,54531,53016,55529,65472,76617,76404,67718,49336,38645,30438,26005,19490,18204
AZ,2014,3846911,304185,285259,230713,2052925,3339846,3380147,86085,346103,459390,455444,453804,489622,451948,445532,413982,419717,405944,431544,413015,378389,350215,271037,191820,131125,125277
IL,2008,8298804,1890098,24984,591804,1941348,6253501,6493537,167968,679695,851542,892352,931065,876545,910258,847213,886700,893262,956686,903901,773071,607263,459748,352243,295130,237298,225098
NY,2000,11944479,2956230,69373,1137382,2894316,9159719,9842061,246751,990327,1344149,1337562,1288087,1251399,1298254,1452273,1561224,1511463,1347282,1223534,937243,758770,656417,618172,515490,349578,313805
NV,2004,1453627,179429,26080,155423,531663,1189636,1156586,34658,134039,160036,168641,149806,155891,167694,175220,176602,182394,169214,153771,141114,113420,87892,68519,52276,33365,21670
OK,2008,2661632,295069,341561,69991,300723,1814205,1854771,53601,204215,250053,247181,266021,268392,257363,226970,232049,232854,265234,257970,225193,191645,149765,118030,93628,69202,59610
WA,2002,4805554,231378,100344,416002,499071,3015607,3036742,78828,318609,409819,445550,435089,432227,391446,446167,459556,495484,478091,419416,331671,232946,181610,159849,140946,106315,88730
UT,2010,2262441,33489,29999,88742,360655,1394003,1381323,53041,211299,250347,229475,220433,227905,228652,217650,179689,155526,154438,152631,134380,108624,80131,59221,46027,34566,31291
GA,2000,5196678,2378722,19795,190532,441576,4047070,4180233,122726,473579,613973,612795,599902,598420,639613,659328,698934,659009,578523,514384,379438,288239,237059,199564,158440,105107,88270
NV,2014,1501125,258063,28245,257683,787897,1423737,1409276,35575,143271,188270,184809,175049,188426,204186,201426,187444,194561,189593,193580,181629,163623,145175,105380,69276,43548,38192
WV,2006,1727585,64932,3630,12737,19028,897307,930605,21176,82396,103744,111958,120417,119150,111694,109983,118523,127919,140878,141065,135802,99102,82672,67806,58431,42351,32845
OR,2004,2965831,70447,49691,139817,343677,1769086,1800377,44391,180127,226474,246098,248790,249676,234034,245397,238490,263910,273353,268636,223509,165124,124844,104546,93736,74169,64159
WY,2006,460747,5216,11937,4334,40433,265306,257361,7416,27331,32939,34764,38760,40907,34117,30737,31309,35236,42386,42001,36156,25298,19182,15109,12379,8919,7721
RI,2016,785348,69532,5362,38832,157352,513081,543345,10846,43862,55833,59854,73110,79252,75560,67547,62710,60236,69949,76808,77956,68939,57038,39895,27685,20986,28360
OR,2014,3132322,91618,54865,196933,492633,1964128,2004243,45731,185591,240857,240015,244174,269147,267387,276572,259385,255779,245400,265430,273738,265409,219974,153665,103335,73033,83749
MS,2006,1729634,1072247,13635,25028,64434,1408665,1496313,41608,163060,201432,215913,224205,216848,192860,180945,188571,204690,212432,195721,177137,131359,109081,87141,71007,49247,41721
ME,2010,1267056,18874,9829,14981,16990,649793,677937,13287,55962,73855,78772,87934,79580,72811,71979,78949,91050,106961,110951,102976,90621,65532,47830,38892,30457,29331
NC,2000,5710371,1759120,99853,127061,385209,3962580,4119034,112027,427839,560391,554863,541400,585665,599470,613180,654661,634719,574795,521184,403424,325509,283137,251454,202437,129495,105964
AR,2000,2124914,423762,18480,23628,87804,1307573,1371015,36428,144958,186221,193693,199484,183343,175347,175928,199608,198318,183057,169431,140326,117942,104943,93071,76694,53063,46733
CA,2010,15482061,2365923,208345,5207258,14069098,18553604,18779081,495643,2034737,2505057,2584220,2809126,2786915,2749536,2585372,2564072,2613411,2683264,2572187,2220443,1851948,1317164,979260,767724,605475,607131
WV,2004,1721854,62738,3593,12052,16201,889411,927027,21337,82239,103541,115103,119335,123968,106941,114915,117814,132707,142836,139283,121776,94702,80881,67267,59015,41085,31693
WI,2002,4736958,329381,49281,105546,223996,2693465,2751697,68442,276455,365759,405387,416509,377978,318159,367381,409753,449471,417670,363810,282950,216927,181790,170366,147535,109692,99128
WA,2016,5211799,340969,111841,716391,907000,3641400,3646600,91223,364116,459773,443761,443583,488236,551565,529507,493535,447958,471380,476530,491524,454246,390413,266094,175059,117008,132489
OH,2010,9465056,1475970,28468,214726,356763,5635100,5905883,138811,579723,745281,773939,821578,767021,718941,693974,712027,761103,850244,886764,791441,673399,480513,372965,296957,243967,232335
TX,2010,11617505,2982351,92565,1034789,9517100,12521855,12722455,379451,1550476,1930848,1888634,1883562,1828260,1858710,1772023,1762349,1703768,1757886,1682760,1435432,1188395,860087,624495,478802,349395,308977
NE,2004,1500697,79445,15307,29254,124667,865386,883984,25850,98428,118118,127717,133763,132785,107354,113300,112030,131734,130531,118565,94862,72203,59238,53243,48016,36783,34850
CT,2008,2603679,350592,9167,135365,446776,1724830,1820749,39499,166037,223384,243282,254565,220127,206261,202930,239823,274541,292469,273577,227680,188810,137635,102945,92130,78571,81313
MS,2004,1741276,1055071,13088,23841,55734,1398895,1490115,41819,164800,201879,221924,222108,226445,183472,189778,189697,212633,209966,186646,160542,125981,105233,85551,70627,49357,40552
LA,2016,2792811,1529987,32306,90410,236152,2289370,2392296,62380,248221,311162,304838,302934,326947,348849,332809,304792,269453,284453,307364,318407,284614,239187,162722,115822,79251,77461
AZ,2008,3741412,252747,268709,186628,1830866,3125084,3155278,95576,378235,440171,442701,458137,435282,452605,406053,422417,409294,424958,400520,361835,320414,259777,202209,159753,115594,94831
DC,2010,215416,308658,1727,23481,55901,285938,319245,7581,25688,26155,24946,39817,63386,70580,56221,43243,38046,38620,37274,34496,30057,21596,15548,11824,9689,10416
MT,2008,872393,5973,63273,7403,27373,489938,486477,12327,48351,60005,61949,69350,68926,61420,55003,56457,60335,74662,78510,72446,56343,43235,32212,25878,19820,19186
AZ,2006,3671941,226891,262858,165488,1701963,3003007,3026134,94201,365546,417038,433201,435349,421518,441876,396538,408786,417023,411281,373257,350991,282272,232855,191110,156984,112528,86787
AR,2008,2190638,451963,21962,39760,170231,1410334,1464220,40784,156369,192784,194526,204132,195965,195672,175268,185513,188901,204422,197340,178827,156485,126402,98250,76674,56188,50052
CT,2000,2673358,315502,9029,90036,323852,1652459,1759318,43184,179997,243110,242756,217105,188617,200230,250194,289835,290915,254260,230442,178114,132266,117244,113864,101283,73756,64605
MS,2002,1734399,1042091,12312,21955,47924,1383269,1475412,40624,163867,206467,220758,224321,224367,181198,190967,199566,213738,202795,179612,146763,118238,99905,86597,69974,47842,41082
WA,2004,4835719,240112,101568,448099,553147,3070830,3107815,81942,319941,404440,446477,442830,442838,405034,430427,444113,492289,488555,443785,370437,266530,195526,159585,139356,110361,94179
NH,2010,1228240,17173,3605,30931,36923,649638,667234,13021,56415,77436,84196,93758,84636,73495,71561,80997,96558,112852,112724,96992,82790,57725,39861,31787,25080,24988
CA,2006,15819429,2347553,214286,4763829,12876105,17923731,18097471,520189,2019232,2408374,2734680,2743849,2645442,2657935,2512058,2689290,2719455,2658317,2351923,2037929,1449951,1099377,893496,765946,600752,513007
MD,2000,3330225,1504562,15945,229147,231155,2565003,2746031,70434,282656,389235,394250,357207,317402,341001,405469,463650,452990,401986,359884,270584,202843,168390,153278,129075,83370,67330
HI,2006,285884,29975,3670,886038,104164,657380,652351,17796,66580,76190,85712,86486,98038,93138,82917,88861,93395,96670,95208,87025,64908,47707,39473,36572,28913,24142
WI,2012,4781835,385479,55083,148828,354952,2843475,2882702,67380,281683,367403,373521,390677,394745,365511,366237,331393,366606,407725,442185,404643,341987,255876,184571,143020,116873,124141
LA,2000,2818339,1458636,26066,59847,108997,2164907,2306978,64596,251754,334124,348959,366564,327788,293761,304326,341618,349404,317304,273221,209857,170890,147829,134864,107141,68999,58886
PA,2008,10217430,1370814,21046,345406,657589,6138990,6473295,147162,582469,749392,807692,922093,844073,775864,705068,807688,885181,975594,962233,838606,679758,523050,418486,377806,318603,291467
MD,2008,3227481,1688539,17025,321545,430375,2749177,2935788,75041,291074,360071,382653,413496,380503,384464,351178,397531,436039,459719,422855,361613,290470,210752,152471,125355,98326,91354
SC,2010,3004512,1309580,18271,66891,236689,2255116,2380827,58445,243231,295738,297934,327063,334795,304580,289354,294917,305001,332305,327649,304921,283098,217261,155021,113904,79291,71435
IL,2006,8332730,1890330,24643,556025,1840227,6203933,6440022,169033,684749,847980,913671,921587,882932,885291,852538,896374,938217,964149,862914,756726,544441,422623,343777,305729,237652,213572
MI,2016,7587810,1450297,70686,327125,492382,4884746,5043554,113865,460558,591865,625189,668075,707150,658551,593158,583466,573796,648400,699694,732231,660547,557306,383629,268622,188909,213289
VA,2014,5363498,1646138,24864,555556,727316,4089999,4227373,101753,409951,520865,522530,536530,600264,583143,580177,533370,556523,570458,611815,565600,477264,397276,282532,193952,135364,138005
FL,2016,11490338,3306283,59807,629036,5126975,10070151,10542288,224910,901226,1143007,1154192,1189418,1273582,1389757,1293668,1236495,1227794,1326511,1429799,1421413,1305750,1272875,1004709,742246,519108,555979
NJ,2000,5635271,1142073,15091,509283,1128903,4090509,4340112,111758,452034,601770,593328,526522,482953,542142,644279,725877,709273,614689,553333,426133,332160,292481,281108,240567,163504,136710
PA,2014,10055460,1441522,22441,428966,842176,6256503,6534062,141782,573427,740821,768417,836337,874541,851771,790992,725531,785648,854160,947570,947536,818315,663722,488555,364063,286619,330758
OK,2010,2688907,306616,355372,75416,333292,1860213,1899390,52169,212541,259889,254534,263538,270652,265847,242559,232005,228865,259624,264826,237557,206257,159941,121651,95179,69531,62438
FL,2014,11256436,3194658,57694,583793,4796160,9720771,10167970,220051,869659,1123821,1136030,1171076,1314698,1295065,1235675,1163627,1259804,1306269,1429578,1345524,1225359,1156243,924576,687888,498986,524812
NH,2008,1231423,16187,3702,29392,35202,649330,666576,13850,59103,77980,87644,96792,83475,71946,71745,89380,102737,115521,107792,92063,74520,52450,38434,31890,24806,23778
NE,2002,1499790,75855,14895,26758,110994,853489,874803,24595,94599,119449,128853,136692,125788,106944,112864,119511,134101,127799,112291,85926,66681,58349,55307,47988,36083,34472
TX,2002,11169173,2505524,81953,688826,7244849,10775672,10914653,361300,1349732,1639044,1701750,1679252,1669665,1576140,1643508,1639570,1693467,1529514,1294259,1020576,759080,627669,539747,435031,292483,238538
WA,2010,5021301,284870,106326,569088,761641,3358847,3384379,87634,353347,430096,438639,459476,463798,481387,456495,446716,461407,490771,495994,455906,386581,273820,188924,142381,111565,118289
WY,2010,490054,5986,12745,5193,50535,287811,276702,7806,32384,37385,35988,37868,40413,41303,36686,33765,33167,39018,43960,41167,33001,23170,16711,12496,9474,8751
AL,2012,3248875,1282836,28754,64925,190570,2336346,2479614,58440,240477,305756,319572,323244,352325,310563,306809,292472,316509,327862,347168,327770,287603,232160,169972,126665,90381,80212
VT,2014,593610,9216,2665,10552,10941,309355,317629,6138,24621,32944,35237,43987,46791,35882,36154,34142,37319,41944,49537,50633,45398,36928,25508,17016,12669,14136
AK,2016,477964,32475,119924,59932,51599,388132,353762,10938,43177,53076,50046,48000,57364,62798,57655,49056,43089,45276,48891,50922,44400,32828,19559,11555,6844,6420
MI,2012,7629935,1451694,69227,280101,456281,4854163,5033075,113026,465867,619237,659179,699783,718648,588602,587008,565548,652803,697755,754105,714544,608523,465563,331600,245391,196556,203500
NC,2014,6458418,2193237,119955,280738,882051,4830136,5104263,119531,485005,645267,652985,650877,699138,654566,639583,626337,679683,670625,701058,660353,585838,505862,362352,251597,173435,170307
MT,2000,818400,3713,57866,5603,18191,450348,453425,10821,43996,61650,69500,71591,58669,50620,52171,66279,75508,73805,62267,47484,38124,32501,29991,24776,18545,15475
MA,2014,5073413,491973,15227,437144,732154,3273032,3476879,71846,292449,376846,398727,459289,495428,482353,447562,404981,432299,475136,511407,479588,405429,331418,232097,166004,130628,156424
KY,2006,3728203,332902,8981,46973,102180,2070143,2149096,56206,217348,274947,285818,291818,290187,282467,272602,292945,314527,324805,299799,274714,202771,162739,129847,106045,76666,62988
MI,2004,7906061,1467546,67379,233179,381150,4937386,5117929,129338,525153,685321,766696,740672,693534,593967,670625,703379,786809,789495,698972,580661,443650,341588,292404,262656,192988,157407
ND,2000,593207,4704,32040,4238,7834,320468,321555,7700,31565,42674,47496,53733,50678,38359,38035,46679,51021,47600,38265,29055,24578,23067,22714,19101,14871,14832
TX,2012,11783011,3104415,96022,1134518,9953689,12935529,13136126,379736,1560328,1971805,1939961,1880612,1929872,1900354,1867664,1755524,1785726,1720413,1731854,1538068,1264880,969287,676372,499364,362768,337067
GA,2016,5588102,3283662,26873,439036,972698,5020465,5289906,130675,530164,700583,714455,715257,725796,731930,690370,686591,676379,709859,706839,665774,571037,497334,341991,228893,148309,138135
KY,2004,3684793,322960,8860,42281,87207,2034050,2112051,55011,216094,270177,287818,284360,302230,266871,285333,293116,322232,317466,286139,247717,192768,153922,126759,104236,74621,59231
WI,2008,4780120,366187,53061,130712,310916,2798728,2842268,72003,285918,364638,378544,410087,390094,363474,338218,361620,399370,447417,423776,366886,283089,213709,167097,144492,116703,113861
OR,2006,3012570,74677,50753,151364,381519,1817766,1853117,46380,182254,230153,242105,255894,250395,247606,241351,251158,254628,273664,276739,254585,182251,136489,107453,92923,75798,69057
WA,2012,5067538,303192,107894,609887,806715,3436520,3458706,87087,357177,439773,438002,442180,488748,489341,483660,440558,470839,467556,497170,475483,409530,314851,208959,148109,112733,123470
OH,2002,9597937,1375073,28317,161242,245320,5548504,5859385,146103,600084,782151,841617,812172,774084,690527,772568,826781,915016,871696,774433,609320,479575,399074,374193,326766,228744,182985
OR,2000,2917568,64603,48335,120943,278259,1701061,1728647,44749,178398,233577,243176,245470,232059,232532,237151,254933,271531,272862,238121,174117,132050,112344,106670,95268,66871,57829
IL,2012,8203204,1892230,25614,659443,2090307,6316333,6554465,158542,653513,847765,864786,889424,899311,895597,889326,822871,870514,889750,934264,850743,709260,536647,387809,291867,231174,247635
GA,2008,5476294,2893777,24069,315702,795001,4647859,4856984,142686,557645,677476,678453,707536,664222,681298,649244,719274,708783,707031,641590,549947,447320,326491,235231,176787,125789,108040
KS,2004,2247120,167767,27532,61830,230124,1351977,1382396,38836,153914,189166,200231,209161,210364,164576,176147,175638,208227,207160,183650,149143,112414,90882,80878,73270,57584,53132
MA,2002,5261819,381834,14712,285026,473815,3097770,3319436,79001,313592,412366,444119,434511,421862,415083,475323,519060,531345,484600,429219,350766,251347,212118,202865,183610,136918,119501
OR,2002,2950944,68380,49288,131580,313232,1742298,1771126,44936,179913,229092,248112,247064,246588,230702,247580,243943,269597,277392,255384,199608,145538,116119,105174,94817,71365,60500
MN,2012,4482314,321098,65072,248279,263522,2672949,2707336,68214,281486,360897,353060,362570,358626,368555,368010,320136,346783,375685,409813,369130,307333,227638,164556,124843,100440,112510
OR,2016,3200829,98399,56649,215017,522571,2027010,2066455,46900,188900,242871,241512,246356,267766,290171,284671,277479,254420,258826,256742,274613,273360,247233,168414,113167,74810,85254
OH,2012,9419823,1493716,28879,230735,377686,5647472,5903367,137042,562321,735716,766215,788358,792352,722014,713171,671004,756464,797048,874223,824010,705639,531663,393238,299153,238157,243051
VA,2016,5355375,1673570,25343,591516,766004,4136814,4274994,101443,409058,519056,522183,540789,589801,589907,582153,557707,528218,566117,596267,579454,500911,431248,303276,208758,140135,145327
CA,2014,15434178,2411870,209427,5712997,14912338,19212619,19468191,495820,2004597,2554878,2525438,2618837,2923729,2911114,2798328,2555156,2596815,2569435,2647615,2445885,2057278,1656899,1165860,844281,622106,686739
SD,2010,698764,13090,73282,8676,22513,408538,407787,11782,48025,55831,54012,57841,57588,55703,50350,45715,47289,57055,59444,54651,44213,32150,25678,21661,18019,19318
SC,2008,2949607,1287693,17816,61856,212024,2203949,2325047,63320,236411,290385,293622,333269,319659,302815,277774,304406,311670,329178,318795,293738,256976,197044,145779,109312,78248,66595
ME,2002,1254496,10348,8325,11326,11465,631734,664226,13514,56748,78792,92614,92860,74110,67460,83530,98264,110375,106861,97496,78254,58414,50294,46052,38793,27340,24189
MN,2002,4407314,212955,59233,170454,168979,2487730,2531205,66357,267095,345961,378458,381188,346239,311784,351308,385410,422678,384283,329404,254100,191828,154712,140951,123702,94139,89338
NV,2006,1494045,202670,27051,185463,613429,1278665,1243993,37761,145846,167763,177274,167002,168371,189789,178203,189758,190146,182663,166621,157941,123105,94764,71394,54179,35661,24417
OK,2000,2642372,274590,302620,53688,181095,1697872,1756493,47989,187983,243036,252853,270083,248181,227038,222361,258091,264936,242120,215138,174245,143741,128538,113679,94274,62673,57406
NE,2016,1534963,101345,17463,50025,203320,950671,956445,26640,106169,132831,130961,129683,139759,123108,129838,121875,108653,109873,119810,127045,114127,95428,64133,47903,36458,42822
DE,2008,595577,189524,3178,28870,66725,428393,455481,11520,44867,55129,57026,65226,60935,57778,51602,58056,62921,67105,63216,55460,49317,38796,29378,23800,17146,14596
AL,2004,3158508,1189488,25436,44013,113284,2192872,2337857,58927,237043,297554,326228,325095,326749,283864,299896,305558,342253,340768,307605,270380,214983,176683,147028,120322,84290,65503
MO,2002,4766006,661990,29194,79807,137828,2764349,2910476,74559,297205,384330,418246,415332,398394,346391,379635,411957,452140,418801,369133,305877,243363,205540,184706,157860,112292,99064
VA,2012,5342827,1618586,24307,519472,686856,4025632,4166416,102269,410333,519618,518403,542827,589826,577509,562676,521765,572137,598460,606673,544936,462110,364060,252232,181114,133555,131545
NC,2010,6318910,2089219,115801,230152,804833,4656488,4902427,122585,508252,635200,633393,659316,664351,628226,621429,655487,669976,698589,672350,605195,542767,406043,296296,224696,165878,148886
HI,2000,264832,27242,2880,834127,84438,610025,603494,15708,62379,84497,83278,81028,84531,83391,87066,95554,95410,90632,81366,60944,46620,42820,42440,35501,22611,17743
GA,2002,5259775,2484612,20892,219692,523285,4180322,4327934,131046,498433,609905,643694,610814,633422,613550,679291,691745,684050,615253,542004,429690,312985,247116,202773,161109,111766,89610
IA,2002,2712768,73089,9037,42554,96786,1442784,1491450,37248,150206,194909,211748,223448,212809,167260,185993,200322,226710,219091,194524,152890,122646,106736,100635,90715,69947,66397
HI,2008,291186,28957,3546,897193,111331,666900,665313,18536,69318,77674,82836,86803,94464,96871,83398,88096,90431,96427,97395,90399,75104,52540,39838,35513,29678,26892
OH,2000,9624176,1344113,28102,147654,219498,5518118,5845425,149663,603741,811670,830437,819088,734584,728873,782328,879343,922677,838939,738477,556612,457704,401622,387175,326115,216776,177719
WA,2008,4967207,269580,104743,530324,690377,3269069,3293162,89220,339607,418373,433427,465642,456442,471107,427914,461482,458905,497559,487865,431835,345360,242320,174158,139859,111080,110076
NC,2012,6391174,2140591,117977,253946,842487,4742606,5003569,118938,497919,641201,647830,650726,687046,632379,633613,625430,689062,683885,688691,635982,565395,460153,321980,236249,169564,160132
SC,2016,3209448,1370153,20129,86793,274596,2407934,2553185,58245,234889,309684,306759,319048,337532,343460,311571,303965,295445,316489,335598,339107,319095,300096,213190,141687,91111,84148
LA,2008,2736945,1427738,29423,70614,170866,2165956,2269630,66929,242837,298906,305089,331587,332518,323053,269714,280917,296066,329184,321251,277450,222222,167737,128055,103217,76169,62685
MA,2004,5190250,395065,14714,305963,506289,3097647,3314634,76350,307528,395380,438525,450717,428705,413687,439126,486516,527700,500324,439110,378338,279369,213805,193253,179252,139877,124719
WY,2012,494034,9013,13085,5816,54817,294429,282336,7514,31580,39301,36547,37124,42650,41009,39847,34111,34201,35628,42931,43027,35708,25663,17820,12763,10001,9340
NJ,2016,5051814,1199653,16788,889546,1786668,4367744,4576725,102267,419065,545066,564801,570777,569519,578980,583084,576986,569211,629133,667158,650366,545444,452533,324086,229631,167636,198726
DE,2012,599852,201627,3314,33702,78498,444135,472858,11141,44805,56810,57103,61582,66003,59580,57369,52161,59314,65203,67402,62230,55723,47167,33941,24473,18160,16826
VT,2012,595753,8470,2683,9471,10067,308939,317505,6079,24942,34067,36337,45427,44575,35696,35457,33877,40025,45700,51553,50092,44145,33611,22379,16243,12766,13473
VT,2004,597293,5436,2801,7046,7344,304840,315080,6540,26504,36348,43881,48941,42773,30992,37544,42296,51100,52546,48752,41230,30214,22349,18792,16263,12106,10749
NC,2004,5887613,1862849,105429,162897,534364,4177082,4376070,117211,466231,555015,600811,591449,595941,564173,629605,627250,668873,634152,571873,505021,389005,309092,253034,210468,148133,115815
IA,2004,2709610,78706,9308,46239,109772,1454747,1498888,38065,151340,192347,210069,220413,221553,168708,180717,188009,222216,222716,204249,167070,130741,109617,96768,90130,70756,68151
MS,2000,1739266,1036742,11723,20590,40032,1375800,1472553,41567,162190,215355,219609,233528,214598,190989,189113,211577,213731,193206,171740,133015,114117,98055,87507,68758,46679,43019
KS,2014,2265036,191032,28622,86601,328069,1443022,1456338,38973,159863,203617,200664,199850,218852,189826,195894,174244,170223,170785,198529,194743,168216,131600,94180,70466,55321,63514
KS,2008,2255204,177845,28093,70190,276744,1392513,1415563,41248,158238,198314,195555,206346,207304,188733,172155,176599,179723,206631,201782,172798,135325,100982,80550,70536,57493,57764
SC,2000,2678834,1194442,13808,40669,96470,1955596,2068627,54540,209960,283789,292066,297302,284165,275154,283782,313802,311718,289774,265697,208217,167050,145859,124741,101973,64122,50512
NC,2016,6539036,2243994,121630,309907,932221,4932952,5213836,120842,485468,640169,652704,669708,696063,689054,646400,644334,645903,691010,694740,683839,617089,550743,391070,266915,182927,177810
ND,2008,593341,8452,36294,6922,12560,331438,326131,8610,33617,38530,40508,48731,59773,44815,37844,37068,39601,48213,49362,42662,32450,24409,20930,18822,15415,16209
MO,2016,4921976,749262,33295,137991,250476,2992035,3100965,74205,299753,384685,389087,395936,421888,412718,400150,381170,349868,375525,414234,433651,382109,327310,232663,169216,120535,128297
PA,2004,10288625,1302524,19610,289610,510353,6019973,6390749,144015,578311,754754,867742,890614,810936,716593,760151,850070,967730,981476,875890,742403,579898,473218,435144,412662,312628,256487
AL,2002,3148576,1173950,24534,38850,94179,2165719,2314370,58963,237083,302632,325008,320749,322812,281003,302668,321114,345023,330998,298908,248643,198880,170495,147964,119599,81123,66424
KY,2008,3767155,344113,9174,51074,118362,2106346,2183532,58101,223366,280030,283043,298442,286571,287967,270962,293111,300901,324724,313357,279013,229628,176939,134240,105001,77903,66579
LA,2002,2810463,1472334,27151,63264,124055,2181743,2315524,64468,254357,318495,344486,356661,351069,284105,300674,321883,347575,331266,289887,230446,180351,148652,132763,108526,73494,58109
MO,2010,4913942,723241,30915,114028,213992,2937438,3058680,75983,313578,390324,397075,422081,414840,403725,375012,365816,380625,441769,444903,392601,336648,257855,194426,155266,119069,114522
CA,2002,16299607,2346002,222216,4298223,11705795,17373381,17498462,514905,1977376,2607616,2739123,2515883,2567429,2503790,2721499,2744578,2755721,2484389,2137942,1676464,1233023,1008072,899390,783379,554814,446450
WI,2000,4718342,315377,48067,96842,195371,2654764,2719235,68190,274153,378057,404990,408587,359318,331605,372507,433526,441231,400058,337938,254472,206020,181586,173017,146959,105684,96101
VA,2006,5207220,1522237,22768,405404,516096,3765250,3908475,102331,400461,482333,516048,545414,561301,514211,509756,561861,604814,606039,542719,489786,356344,266718,208653,172542,127371,105023
PA,2000,10385845,1245251,17964,236739,398374,5932174,6351999,142568,583401,822683,866145,852407,751274,726167,825434,946077,997325,912495,803362,623299,513368,478683,487367,422459,291477,238182
NY,2010,11463312,2925011,69615,1511697,3433005,9391350,10011290,235854,924015,1161870,1208603,1360082,1415787,1385843,1285408,1247446,1352681,1455853,1423455,1244259,1075489,777802,589212,473418,391748,393815
IA,2000,2728456,68382,8733,40082,83414,1437292,1491775,37668,150488,201543,211121,227104,204722,175799,185813,216792,227535,213671,181708,139868,118855,106908,104340,91600,68084,65448
MA,2010,5095870,446852,14765,374496,633541,3175770,3389754,72338,295116,384838,404926,466393,478718,444745,405961,415343,467256,514747,498477,435741,374359,266845,192981,161990,138417,146333
AL,2000,3153172,1162877,23744,35364,77016,2149338,2302835,59617,235568,313178,321372,325612,309170,298679,301179,338693,345820,316816,287948,226761,190880,167835,148805,118478,78201,67561
MA,2008,5094061,427233,14670,348255,584748,3128237,3340730,74335,293954,384968,409756,469548,458792,428870,394280,442995,488473,514728,478565,414285,338244,242829,187230,167004,140799,139312
CT,2010,2583564,359126,9013,145381,482815,1742844,1837055,38093,163232,221868,239641,253698,229420,215202,207072,220346,260484,290556,285000,242325,204618,150578,106144,88814,77419,85389
NY,2014,11310274,2980039,70778,1691003,3666421,9566243,10152272,234890,942069,1143835,1174003,1262549,1445976,1470404,1370346,1238091,1262723,1345815,1435539,1351511,1146116,931743,669136,493082,373410,427277
CA,2004,16132029,2353224,218855,4534901,12335567,17703161,17871415,520350,2021415,2486084,2799010,2616866,2636763,2552577,2648724,2681027,2793165,2584689,2244577,1854291,1351654,1057084,893251,771676,590328,471045
IA,2008,2720719,95252,9750,53194,137819,1491195,1525539,40863,158389,197771,200663,220966,214273,191818,176850,183177,194490,222692,219888,194836,153268,119380,97936,85023,71614,72837
DE,2006,590768,179979,3074,25969,59478,416502,442766,11274,43940,53078,58289,62875,59032,57138,50735,59479,65164,66035,58677,54679,43045,34437,28343,23206,16536,13306
NE,2008,1506979,87402,16085,33209,152703,890564,905814,26398,103726,123980,122239,131223,130843,121349,112497,111717,113521,132311,127405,112383,86038,64608,53468,47080,37832,37760
NM,2014,823331,44000,186031,33545,996117,1031157,1051867,26009,108505,142919,140623,139205,151978,140426,137864,122000,121039,122401,142105,140674,128836,108744,77721,56042,38589,37344
OH,2006,9534970,1427085,28607,189973,300578,5598146,5883067,145580,580961,756475,809421,835744,759867,739109,681356,776658,840713,905412,832404,747833,528515,424089,352851,316143,243614,204468
AZ,2016,3914166,328648,293666,249816,2144775,3442895,3488176,87702,351617,454157,459024,466504,484756,484407,448721,433471,411749,421465,425432,431930,399212,387374,295446,211749,139521,136834
UT,2008,2190525,30553,29560,81659,330732,1337398,1325631,51787,205485,237313,215007,218353,228889,228012,201357,168656,148825,155797,147291,124004,97062,72562,55750,44826,33131,28922
VT,2002,594941,4589,2817,6518,6577,302483,312959,6306,26833,38334,45396,48489,39673,31566,39599,45850,52394,51691,46952,37165,26477,21214,19420,16191,11574,10318
CT,2004,2655870,334228,9188,113896,382912,1698016,1798078,41804,172643,232092,254589,242118,204471,192328,225636,263204,295746,283749,242798,211572,158717,118352,106082,98592,79235,72366
AR,2010,2206706,460566,22623,44721,187379,1434797,1487198,38216,159157,196922,198025,203226,201586,192235,184827,183058,182930,204812,202149,184983,168303,133713,101812,77964,56342,51735
TN,2000,4553231,946342,15018,63556,125572,2777586,2926133,75874,298793,394011,397123,396794,389664,400884,411888,451901,450631,415522,378483,296125,240646,204592,178461,145416,94954,81957
WA,2006,4906119,253954,102781,489101,618798,3170058,3200695,85324,324601,410681,437809,455515,451994,440940,414996,459201,476861,497631,467980,416958,296311,214379,164448,140189,112153,102782
ID,2016,1407509,16444,21798,29646,207743,843532,839608,22986,92303,122679,125126,118791,111851,111817,109744,108209,97786,98182,100427,107320,100930,89990,63750,43912,28902,28435
AL,2014,3249567,1299293,29288,69681,195385,2348033,2495181,58615,234839,306038,313669,317723,352504,316871,308608,293141,311974,311893,344696,334878,294125,250657,184486,133599,91073,83825
OH,2004,9574318,1401325,28456,176354,271798,5577840,5874411,147158,592622,763304,835264,821803,775499,709581,734942,784405,886950,898940,798392,668730,512369,414279,356252,323074,237509,191178
TN,2014,4947072,1132264,18950,119624,326753,3191830,3352833,80090,321760,417517,421558,417313,465210,432891,426193,405879,433572,431689,464690,446186,394644,340039,246238,171152,117146,110896
AZ,2012,3799198,286622,277720,214721,1971373,3256730,3292904,85356,351857,455740,452246,451222,479036,438106,434185,405865,420869,412313,426934,396403,367050,318861,239784,173466,125963,114378
IL,2010,8264397,1893847,25271,622963,2035100,6298008,6543570,163729,671060,857458,877848,920290,880569,909914,868972,851466,870186,936172,932471,812882,672925,487844,366027,288890,235850,237025
TX,2006,11348965,2768488,87077,847042,8308008,11588337,11771243,378859,1484194,1718006,1782260,1783634,1763694,1704518,1657359,1672898,1707389,1693586,1486845,1276178,920509,704964,568948,459482,329789,266468
NV,2002,1392298,160283,25202,130627,465381,1104027,1069764,32431,123857,154924,155641,135859,145611,152376,169691,170962,170224,156194,142165,124274,97944,78747,64621,49138,29789,19343
MA,2000,5291801,364026,14573,257093,433611,3064859,3296245,78850,318229,429119,433272,416959,407324,431516,492661,538597,523551,464657,415692,312133,237646,215817,211009,185194,131584,117294
CO,2014,3758258,239348,40321,182009,1129712,2684726,2664922,65842,268816,355046,353653,343180,381293,396547,396234,360742,361946,343550,372272,358869,312388,246213,163490,110088,78054,81425
OK,2006,2642622,288671,329816,64806,268175,1775397,1818693,51523,198198,241469,247289,262785,275212,239618,223686,227010,248316,265270,245396,221709,171562,138920,116032,94081,68736,57278
HI,2016,309961,37673,3661,935685,141577,717615,710942,18376,73159,87086,81715,78701,97750,105887,102016,93592,83636,87599,90672,93955,90451,81361,57649,37740,28260,38952
CO,2016,3866397,252660,42794,197475,1181219,2785818,2754727,67691,269773,353344,359675,354394,390626,426572,415837,386232,355844,359972,357751,369227,330083,277354,180426,119148,80825,85771
ND,2004,588159,6675,33939,5573,10359,323697,321008,8022,30331,39155,43684,52541,60444,35776,38231,38063,47304,49849,45090,35079,26827,23233,21061,19493,15000,15522
CA,2000,16361791,2329679,224863,4017091,11054553,16937562,17050415,492631,1998217,2717425,2587669,2459982,2402521,2538599,2691610,2812409,2681664,2345152,2021350,1477507,1152792,984993,905056,782675,507401,428324
IA,2014,2729843,119599,10178,75651,172759,1543945,1564085,39701,157469,205478,202946,213642,232423,191103,200842,182609,180024,187887,217465,215183,190714,149850,110262,85963,66191,78278
WY,2000,443846,4215,10963,3277,31999,248716,245584,6183,24707,33938,38454,42004,33627,29767,29727,36303,42348,40899,33658,25068,19733,16594,14760,11862,7882,6786
NE,2012,1523920,94681,16572,39921,180631,922358,933367,25891,105243,131901,125689,128575,132224,127117,124691,109642,111675,117945,130978,122106,104560,76661,56262,45883,37936,40746
ID,2004,1219145,9174,18307,17868,127308,698616,693186,22278,84961,102760,109000,110861,107204,90505,89633,88809,99971,99430,91946,76265,59118,46256,37245,31424,23924,20212
ND,2006,589018,7705,35203,6197,11299,326839,322583,8427,31416,38214,41869,50296,63101,37963,37575,37177,43399,49518,48076,39287,28722,23195,20929,19139,15226,15893
CO,2006,3427685,195987,36119,137326,923306,2367463,2352960,67456,267014,313990,322968,334123,343668,338467,334947,348239,358798,374525,342438,295417,199307,145142,112778,92634,69116,59396
MA,2006,5118526,409627,14645,326342,540944,3098899,3311185,74330,297454,385676,420942,465986,442959,416486,401913,466382,511005,511381,455794,411603,296941,218254,187316,173645,140329,131688
TX,2004,11215412,2584340,84128,760148,7749995,11115621,11278402,369247,1425797,1637863,1745932,1714959,1735056,1602338,1660785,1604475,1721497,1609730,1380116,1135400,841643,660214,547091,442498,313306,246076
KS,2010,2268406,184155,28582,75434,302273,1418477,1440373,40641,164892,202638,199345,204197,204934,198257,181270,171922,174327,200348,204661,183631,150581,108302,82909,69278,57027,59690
NM,2000,829104,34553,166057,21502,769988,895580,925624,26765,103687,140258,147881,145935,121615,114557,118449,139909,141996,131568,115809,87579,71873,63384,54735,43994,27764,23446
FL,2002,10779849,2498914,50685,346392,3013530,8147636,8541734,204364,786434,1013607,1119215,1066682,1040572,972896,1112664,1236573,1295548,1183444,1065035,937274,796937,738794,721741,622323,436243,339024
AL,2006,3195774,1219303,26474,49588,137842,2243501,2385480,60823,236399,303581,321867,337003,326239,302813,288248,308663,334043,348601,323309,297745,226567,184594,151454,122066,85688,69278
MS,2008,1737308,1094243,14244,27038,74973,1430851,1516955,44796,168275,203444,209833,228812,210409,201370,180595,191634,193903,211278,205665,179273,148203,115489,90202,70134,51441,43050
SD,2012,706011,16594,74577,10413,26846,419010,415431,11886,47944,58507,54298,57249,59602,56081,53865,46351,47596,52472,59893,57356,49154,35854,26311,21724,18136,20162
VT,2008,597199,7162,2745,8122,8923,307429,316722,6343,26001,34933,38963,47893,43583,34128,33614,39007,44510,51574,51933,47032,37395,26738,19504,16006,12831,12163
GA,2004,5307497,2589688,21794,247699,602574,4305728,4463524,134288,521330,610599,659778,637028,650185,619009,675927,676690,703367,646664,562196,478477,351031,262463,207114,164113,116572,92421
WI,2014,4779402,391978,55902,159981,371114,2861131,2897246,67019,274892,363659,371336,383041,407833,357987,372637,341207,348300,380438,434626,418675,360867,282187,202672,150132,113299,127570
AK,2012,483843,30868,117360,53466,45552,380878,350211,10814,44207,51951,50848,50094,58665,59058,52194,45101,47210,50412,55605,52243,40199,25659,15399,9584,6520,5326
NJ,2008,5350300,1162649,16307,717309,1464525,4241189,4469901,108724,437783,560357,592753,603910,523909,548528,548197,617501,675290,705963,646177,539846,444247,332516,253763,222177,180582,168867
ID,2006,1273279,10647,19053,20195,145495,736565,732104,23746,90953,109864,110946,113920,109168,99649,91630,93824,98164,103951,98891,87352,65865,51523,39955,32437,24730,22101
ND,2016,652161,24303,41378,12572,27538,388974,368978,11505,43731,49799,45468,48352,68568,59011,54542,46950,39464,40168,45387,50079,44929,35230,23980,18016,14626,18147
WI,2006,4769835,353373,51649,122137,280661,2765379,2812276,70529,280361,359682,388191,414706,399903,340183,337939,376007,425318,446692,405963,350824,250399,196194,163347,148427,114663,108327
FL,2012,11140497,3091764,56495,547514,4507886,9454982,9889174,214833,860067,1098009,1136068,1174778,1313745,1231100,1179412,1139353,1268588,1358008,1392189,1281053,1182557,1063860,829545,639188,494855,486948
WV,2014,1729185,72677,3917,16180,26555,913446,935068,20304,82365,105097,107428,111067,125192,107690,110862,111092,118033,119411,131610,138714,131130,111032,79239,58884,40213,39151
WA,2000,4764438,219098,99011,381012,446953,2942778,2967734,78825,315943,424463,437007,429985,393423,401043,437910,482547,492746,457157,395872,287563,212256,176025,160968,143112,99006,84661
AZ,2004,3520787,198399,254280,137932,1541006,2816798,2835606,89116,340915,393245,418167,402508,411699,398820,389610,382433,409227,382225,344145,306685,252985,212176,182719,151003,106529,78197
TN,2008,4815428,1057177,17604,94639,262563,3044296,3203115,84037,322932,410143,415822,437444,413168,422783,393482,434884,440567,465046,449052,400756,340299,262563,197317,152105,110739,94272
ME,2000,1241336,8204,7927,10184,9421,621527,655545,13567,57102,82669,92584,89792,70134,71206,85547,103733,109076,102527,91541,68919,54962,49998,46067,38198,25998,23452
MD,2014,3198674,1805969,17785,392821,552046,2890271,3077024,73226,295927,374154,376355,387333,403513,416917,407887,373370,392688,422062,455643,419252,347037,280917,196651,134951,98913,110499
AK,2002,445472,25932,106467,34523,29943,332704,309633,9695,37742,49946,57449,53653,45284,41155,45497,50767,57009,56694,46150,32190,20238,13659,10456,7443,4325,2985
CO,2008,3515168,205308,37067,147288,984899,2450670,2439060,67363,275494,333114,324735,340380,343707,360077,340567,359009,344601,376847,360056,311073,238572,164500,118969,94493,71275,64898
KS,2016,2254581,192710,28896,92621,338481,1447759,1459530,38202,156105,201623,199123,200516,216515,190709,193897,183184,163905,169490,184833,195872,176322,146039,98957,72485,54708,64804
MN,2004,4418461,234694,60303,183961,190294,2523676,2564037,70060,270473,339509,372735,381756,361326,323044,335524,360752,418886,400062,350067,278483,210817,162247,138603,123618,96700,93051
SC,2014,3124839,1347819,19332,79060,257380,2345750,2482680,57416,232839,307904,304374,310757,350355,319602,306396,288559,307119,311376,337978,327849,304010,271215,195692,129688,85486,79815
OK,2012,2702148,314108,361377,82507,356914,1890163,1926891,52264,212557,264873,259652,255488,285015,265025,256570,229470,234884,240880,265142,247969,212880,173536,128436,97073,69795,65545
MO,2000,4740091,646850,28743,71742,119859,2727498,2879787,73526,296010,396988,413823,414907,372298,359680,376688,441960,445644,398212,350692,281080,229546,204813,187650,157550,107136,99082
WY,2008,477275,5571,12501,4747,45949,278061,267982,7970,30207,35372,35210,38839,40892,38737,32703,33394,33396,41106,43873,38317,29349,21158,15808,12458,9103,8151
CO,2002,3334535,183545,35353,119950,817023,2261741,2228665,66280,249899,305736,323786,323712,332961,325998,352813,348863,379240,355435,306326,228179,159381,124664,107287,87670,61754,50422
FL,2008,11102797,2878120,54741,482485,4009162,9062026,9465279,222151,863428,1065778,1134890,1241381,1207898,1170676,1079825,1216183,1297425,1388103,1286729,1159372,1058462,898069,734873,621616,475065,405381
AR,2012,2213560,465872,23464,49553,198236,1449552,1501133,38427,155924,199527,198853,197237,211052,190889,191161,178172,186336,193738,203282,191428,171989,144357,108170,79651,56742,53750
KY,2002,3656355,313885,8641,37797,73197,2002652,2087223,53496,214562,271537,285966,284083,299655,262975,289407,306192,323048,307095,277686,225926,179629,146696,127398,104644,71569,58311
MD,2002,3334513,1562761,16306,252924,273885,2625192,2815197,72755,284983,374319,412329,374739,340867,330959,397908,448823,465905,423267,376152,302815,219609,171733,151869,129597,90647,71113
NM,2010,852124,42366,181525,30781,957960,1020422,1044334,27898,116824,143505,142001,149479,143578,140241,128666,123183,125306,143677,147406,137427,121458,88473,66402,50386,36501,32345
NM,2008,846422,40201,178470,29004,916565,992084,1018578,29383,114855,136296,139938,151343,141128,136330,120107,123684,128457,147252,143585,132123,107807,81451,62684,49102,35220,29917
NV,2012,1493161,243765,27552,238923,749164,1386622,1365943,34475,145664,184193,182366,175593,187768,195645,195911,184248,195957,190672,187521,173964,157609,130795,92180,62308,41132,34564
PA,2016,9952153,1453073,22707,455480,900814,6261194,6523033,140495,571270,731623,754496,823097,841422,868634,809077,754790,726377,831844,903328,948975,855078,729263,507743,372603,279644,334468
MA,2016,5036923,511126,15318,467751,780661,3305651,3506128,71857,289519,373239,392800,456601,498337,488357,463972,420389,404624,461885,499231,491773,425231,362314,250217,173072,129555,158806
DC,2016,252630,322211,1876,30031,74422,323230,357940,9399,34108,35081,26737,36616,59093,79115,75876,57106,41783,39000,38521,36897,33147,27540,18019,12699,9063,11370
MS,2016,1715928,1131603,15250,34497,91448,1448792,1539934,37310,151391,203836,203202,208334,213132,203930,190323,188305,177230,184935,195028,200613,180216,156619,109432,80299,53627,50964
PA,2012,10138273,1423336,22060,400388,787797,6237852,6534002,142076,579285,748957,778030,866478,891468,815881,769164,717212,831279,902903,975599,923717,786871,614243,449458,354520,302129,322584
OH,2014,9389797,1520933,29569,252519,401590,5676176,5918232,139665,557068,727330,754617,771704,794262,751330,720969,678857,726317,754290,845029,846835,727203,584986,421216,312385,230304,250041
MA,2012,5086107,468843,15073,405121,682864,3226059,3431949,72359,293662,381946,400597,464607,483804,467022,428236,397539,454857,497751,507964,459221,390439,303090,206603,161022,135018,152271
GA,2012,5539773,3083472,25484,371730,894209,4842895,5071773,131130,540752,699189,702987,700257,724973,677088,682100,661317,717937,709940,691542,612124,524284,408092,278750,194426,134747,123033
MI,2006,7850577,1467177,67822,246847,403658,4929460,5106621,124689,510771,669858,730633,760901,682237,608963,610093,691345,748354,791945,727584,643295,465970,353433,289713,259216,198062,169019
AK,2014,480278,31631,118692,56617,49487,385536,351169,11233,43648,52023,50107,48954,60179,60863,55778,45889,45397,46032,53150,51615,42472,28952,17615,10294,6568,5936
OK,2002,2632102,278521,310376,57635,210446,1720000,1769080,49666,190876,234909,253759,265914,267356,219360,228261,238201,265966,252798,223414,189534,151281,129956,112699,94207,65488,55435
WY,2004,451741,4931,11529,3904,37001,257600,251506,6765,25900,31954,36332,39553,40438,30233,30802,30375,38218,42815,39499,31434,23612,18151,14722,12258,8857,7188
AL,2016,3242435,1312529,29770,74721,203845,2355586,2507714,58269,234296,303617,306381,320546,333330,332135,305352,301057,294656,312055,331963,338734,306358,271310,193359,138956,94173,86753
NE,2000,1506521,72854,14512,24428,95505,844840,868980,23695,93294,122881,129380,135348,120920,111269,111336,129477,134051,123423,104010,78053,64253,59171,56212,48072,34809,34166
RI,2002,874920,55067,5277,28777,101954,512905,553090,12338,51034,68726,74373,77667,77308,62673,73546,81824,86773,80347,69872,57369,41318,35005,35019,33589,25318,21896
FL,2004,10999877,2636845,53097,394230,3331269,8512871,8902447,209821,830348,1013054,1149995,1135477,1125385,1024559,1117654,1202373,1349142,1270404,1131018,1036034,887744,781726,711221,630121,456021,353221
TX,2000,11097726,2417452,78694,610759,6739868,10399343,10545156,337037,1291553,1650665,1644416,1644928,1551447,1587889,1574951,1689146,1643072,1427642,1210389,904193,706128,611283,533653,426356,270589,239162
TN,2006,4728499,1032167,17040,87144,223916,2967311,3121455,80595,315007,398826,415802,424339,408506,414933,394269,427043,454716,458967,426578,395461,299364,237951,188981,149766,108412,89250
KY,2000,3640956,305218,8443,33674,60730,1979305,2069716,53633,211990,277905,280559,290057,284962,278770,286901,320703,321487,295867,265691,205915,168986,144387,129202,105010,68356,58640
MN,2000,4384236,190705,58089,155361,145301,2443070,2490622,65826,264159,354934,377027,376164,324995,317962,353839,411295,412926,366725,304710,228635,179113,152801,142599,123017,90869,86096
OK,2014,2713578,322985,367721,91038,382177,1921310,1956189,52803,213418,269660,262840,257076,289587,266342,268014,237198,234537,227915,262001,253477,220228,184091,138516,100737,71169,67890
CO,2004,3358655,188381,35440,127793,864744,2300502,2274511,66137,259849,301885,324457,326646,338785,326122,347503,335046,373107,363311,324142,258091,179869,133022,108124,89018,65952,53947
SC,2006,2854453,1255382,16608,55715,175689,2120192,2237655,59104,224562,279705,295459,323385,308596,291713,273229,296162,318451,322637,302012,286075,221587,174260,138107,105668,76579,60556
IL,2016,7992973,1874281,25654,727192,2181439,6291791,6509748,153482,619029,806005,833900,844129,884075,896570,877462,849375,797381,840657,872497,885833,769880,636260,436583,314651,224287,259483
CA,2012,15457616,2389181,209220,5442314,14512743,18884768,19126306,494708,2020046,2540758,2538635,2701257,2919888,2795302,2694667,2518040,2643246,2614486,2620187,2352433,1955149,1493627,1052971,793336,613316,649022
NM,2016,807380,44830,184254,34678,1009873,1030663,1050352,25075,103875,138784,138823,138701,145767,142455,137445,126713,115979,119978,131764,141107,132123,119735,83563,59370,40162,39596
DC,2002,168662,338411,1637,17394,47054,270012,303146,7179,25161,32237,32419,37837,50795,51782,50849,44983,41504,39402,37434,30175,23387,17988,16188,14565,10434,8839
CO,2010,3591487,216189,37687,158518,1044763,2530024,2518620,66958,277118,348895,333877,341242,350441,373599,356288,352330,347932,369706,371904,330702,273174,184643,128700,97155,73618,70362
DC,2012,230260,314430,1804,25487,63346,300894,334433,8843,29895,28088,25080,38915,60050,77025,65096,45749,40707,38483,37918,36029,31670,23365,16369,11904,9284,10857
NV,2000,1342546,143181,24281,108473,400260,1028426,990315,29711,117267,149749,140958,128571,132078,149071,159113,166780,157774,142103,131206,106553,86209,72065,61054,45442,25782,17255
GA,2010,5499169,2989587,24654,341806,858305,4742320,4971201,132604,552204,694433,691574,709981,684687,673764,664254,693783,701457,723324,671688,577865,500981,359260,252936,183773,129876,115077
NY,2012,11409460,2958309,70250,1600474,3564276,9502207,10100562,238225,934379,1155809,1189186,1311168,1447480,1428265,1336239,1215925,1326670,1408856,1436971,1301851,1114884,861700,620267,476367,385192,413335
ID,2000,1157599,6546,17622,14625,103038,651446,647984,19973,77943,100671,105354,111578,94698,84670,84512,94757,98523,92930,78986,60535,47842,40184,35863,30577,21647,18187
KY,2012,3806720,367317,9375,60694,140693,2158681,2226118,55059,222993,284412,285688,285694,311187,279000,287299,272632,294301,307141,321277,299930,263626,205309,149705,107851,78620,73075
WV,2016,1708515,73389,3985,16918,28295,905943,925159,19645,81374,103260,105340,109399,117685,113172,105828,111740,111093,118241,124902,135268,130638,121228,81799,60394,40774,39322
DE,2010,596134,195803,3299,30850,73730,435742,464074,11003,44897,56429,56879,64097,63302,57767,54231,54875,60595,67444,66221,58330,53652,42078,30938,23877,17355,15846
WY,2002,446156,4634,11335,3638,34254,252232,247785,6407,25165,32457,36994,40947,37471,28894,30614,32453,40716,42723,36629,28060,21348,17033,14997,11907,8283,6919
IN,2012,5345833,637361,17625,127250,409674,3219372,3318371,82826,340785,442532,451753,459391,477355,415839,420099,397770,427633,445407,474314,440064,372698,286271,207424,153744,120004,121834
NC,2006,6058026,1939738,109008,185402,625096,4354118,4563152,123321,478045,586053,603991,628623,623270,581602,610716,654765,671568,665654,606748,561222,424867,331120,267906,216260,155053,126486
NJ,2002,5593562,1155000,15685,569549,1218847,4153842,4398801,112527,450251,589990,619466,546520,496074,524707,626959,703757,726523,650456,566513,472550,350476,288661,273720,238930,173081,141482
MN,2008,4452624,282462,62864,215039,234029,2604346,2642672,71839,283606,347065,354831,377663,361413,366333,327529,344323,367507,416150,387779,329500,252655,189295,144270,122350,99762,103148
MI,2010,7660529,1449281,68537,261386,437762,4845330,5032165,115021,479087,634209,673368,734495,674188,588672,575232,605809,663819,740458,764628,686771,575215,420997,307613,243642,200882,193389
VA,2002,5100621,1448954,21707,325798,389793,3573178,3713695,97884,377619,480667,516406,508385,509537,475582,543024,588476,605887,560917,498918,408177,297740,236855,204357,168473,116763,91206
CT,2014,2505855,374306,9601,163941,538170,1752170,1839703,36393,152497,209868,229249,252183,244058,221291,218958,207911,230500,261530,284873,268395,218705,177113,127929,89901,71565,88954
KS,2012,2271089,188558,28604,80438,316573,1433474,1451788,39739,163522,204482,200690,201335,212601,195211,190108,169249,174500,184324,203699,191346,160106,120444,86755,68792,56512,61847
WI,2016,4767408,395765,56822,171047,387666,2873426,2905282,65980,270926,357244,367371,381178,406855,357753,369966,358121,328639,368165,411824,427947,378321,315707,214964,155236,113227,129284
MT,2014,902245,8095,68046,9188,35293,514138,508729,12475,49443,63806,61879,63611,74011,63719,65647,58673,57058,58598,72447,77508,72859,58082,41709,29031,20291,22020
MI,2008,7748406,1455230,67926,254401,420926,4880990,5065899,119845,495024,651306,696597,761676,664790,605221,575323,658307,698366,767728,755909,656317,519459,393217,295187,249678,202290,180649
NY,2004,11781247,2941585,69774,1286668,3092293,9258040,9913527,244335,953363,1212272,1358837,1341862,1311375,1294342,1330171,1429534,1529508,1440172,1283911,1107453,846208,672612,581611,515154,386701,332146
PA,2002,10330991,1271437,18798,262184,447621,5967199,6363832,141144,576556,784880,876455,868354,787897,690461,803493,895062,992734,951250,841488,685591,533937,465573,465410,419509,305550,245687
SC,2004,2771154,1229954,15681,50026,144106,2048616,2162305,55612,221917,270258,302629,307970,305918,272755,283538,291570,320333,312017,287452,257518,201901,159246,128394,103081,73654,55158
RI,2014,796177,67737,5296,37048,148222,511125,543355,10711,44178,57601,60830,74417,81127,72944,66072,60007,65141,72950,79598,77542,64898,52654,37046,26662,21656,28446
UT,2014,2372424,38596,31363,103412,396041,1479780,1462056,50236,202624,262219,249063,225916,249342,212920,226536,209586,175676,150639,155452,149051,127251,99756,72971,51467,36626,34505
AZ,2002,3418749,180671,248859,121539,1426437,2692038,2704217,84886,320132,388857,402889,378885,401696,376202,385105,384764,397313,358936,323517,273288,223663,196606,178713,147829,100369,72605
KY,2014,3812921,376395,9755,65776,148210,2173877,2239180,55076,220953,282818,284136,284753,316517,281227,285177,274756,285936,291120,319040,307104,269907,224353,161130,114264,78583,76207
ID,2008,1316513,11887,19721,22343,163856,769528,764792,24737,96835,117013,113774,116463,108852,107103,96907,97527,95229,105115,103339,92268,75980,58262,42952,32969,25311,23684
FL,2006,11166115,2784593,54720,447582,3713980,8886910,9280080,221765,859431,1047894,1151818,1214669,1180227,1127022,1094633,1223911,1359055,1357641,1216282,1150141,958167,824321,710856,629155,463236,376766
AR,2014,2211370,470966,24003,52891,207682,1457154,1509758,37935,153098,199150,197941,197015,211135,192782,193098,180121,184169,182388,202995,194428,174617,153261,116840,83122,57554,55263
IA,2016,2729129,128561,10468,83929,182606,1559119,1575574,39600,159815,203938,203667,215122,230686,195121,199252,193956,173579,186541,203203,217430,198568,167141,113905,87923,66546,78700
IL,2000,8518088,1895462,23603,452843,1544165,6088884,6345277,175439,699946,924569,908672,897721,855309,886378,919791,992982,988790,877971,760140,581134,464665,396176,374113,317375,220139,192851
NH,2014,1226563,19507,3705,35664,43304,657152,671591,12445,52323,72182,79280,89121,90683,78599,76207,72597,85616,97815,112323,107664,89957,73863,50155,33956,25552,28405
NM,2004,832095,37735,174185,25071,834722,939070,964738,27620,107965,129024,146363,149741,142365,120629,117410,121945,142883,140944,130540,111190,84793,69037,57558,45563,32826,25412
NJ,2010,5284923,1173764,16680,762197,1566165,4285935,4517794,105653,435329,563709,586739,598535,542798,554722,558495,584942,647858,703189,676812,570117,484132,353889,261494,214974,179343,180999
SD,2002,668505,7208,64900,5602,13805,377692,382328,10172,40690,52654,58102,62457,55832,43722,45762,51395,58673,56584,48703,37435,29828,26469,25520,22448,17098,16476
TN,2004,4634337,997875,16360,78282,183955,2882878,3027931,77819,310687,386113,415299,404445,414552,389250,410768,418748,457198,445773,405284,357911,280277,222368,179985,146276,104588,83468
IL,2002,8462214,1896693,23903,489446,1653300,6137659,6387897,176591,696170,895265,930923,895240,877701,855133,923515,944575,996885,914730,798777,633979,487129,395915,362437,315212,228489,196890
SD,2008,688768,11137,70883,7559,20777,398888,400236,11750,45995,53643,53906,58793,57993,52928,46577,46126,49405,58902,58380,51239,39612,30156,24886,22147,18175,18511
RI,2000,875676,51147,5126,26665,91654,504494,545774,12351,51565,71629,71691,75568,72428,64439,75503,84985,85142,75898,67123,50321,39195,35874,37567,34091,23893,21005
MD,2010,3217931,1731700,17314,346331,475308,2799949,2988635,72328,292994,366497,379090,405706,395255,395574,371569,375460,417252,460748,442595,380561,321044,228373,161013,124629,98791,99105
NV,2010,1500742,230470,27121,225814,719137,1364678,1338606,36172,150372,182680,182930,181454,178644,196057,191047,190353,191897,193524,183256,165498,152074,116488,83135,57889,39176,30638
OR,2008,3054044,79197,52064,161590,421853,1865213,1903535,47701,188352,234517,241418,259067,251488,261300,248520,256332,246407,269362,279624,263725,212891,154265,112897,91390,75513,73979
MN,2010,4464466,301374,63701,229890,251716,2635851,2675296,69245,285956,355491,352527,368318,354749,372352,345412,326283,352201,403579,403041,352072,283592,203796,152924,122074,100102,107433
NJ,2006,5434654,1161856,16137,667992,1381040,4213580,4448099,106669,449213,561481,607070,595929,515222,536270,555430,644938,709951,703150,609455,541278,401047,303183,253167,230280,179547,158399
ME,2004,1266081,12959,8689,12495,13464,641826,671862,14177,56626,76805,90119,94105,78022,68695,79460,92448,109033,109928,101914,86898,65653,52165,44994,39277,28443,24926
VT,2010,597503,7868,2674,8637,9300,308323,317659,6120,25836,34515,37496,46139,43931,35482,34310,35952,41819,49684,52491,48904,41696,29626,20365,15955,12788,12873
NE,2010,1516885,91670,16283,36043,169170,908427,921624,26104,105854,129213,123030,129387,129181,129153,117158,110253,110469,127545,130351,118405,96763,69183,54397,46234,37853,39518
ME,2014,1262116,21807,10106,16826,19864,652192,678527,12686,52550,71337,74862,81653,79054,78255,74992,72659,82687,92302,107875,107923,98081,82241,58124,41006,30663,31769
NH,2002,1206892,11932,3465,21512,25288,625409,643680,14827,60716,85608,96202,91581,74951,66599,87746,103995,115360,105151,91852,72578,51296,41581,36826,30930,22238,19052
AK,2006,461371,26447,111005,40974,35505,350181,325121,10215,39226,48063,53244,55120,54081,46419,43369,46633,52049,57566,53964,42996,26757,16669,11321,8526,5214,3870
NH,2016,1225460,20548,3760,37909,47118,660860,673935,12479,51721,69926,77217,86070,90691,81627,78977,75127,77054,94180,106766,110744,95412,81415,54253,35762,26058,29316
SC,2002,2718105,1210647,14755,44746,119542,1996726,2111069,55098,217069,273081,302007,297916,298332,265169,286700,302256,315953,302211,277467,233550,180509,151366,125440,102356,69104,52211
VT,2016,588695,9793,2722,11733,11651,308466,316128,6051,24590,31891,34026,42608,47105,36517,36192,35185,34319,40381,45906,50180,46711,40290,27386,18179,12794,14283
NY,2008,11529467,2895143,69219,1433615,3284992,9293595,9918841,241947,917292,1154965,1240752,1390597,1363442,1357609,1240874,1321322,1404934,1467841,1373374,1201432,976786,734378,572754,485305,394016,372816
SD,2006,679162,9611,68643,7009,18608,390613,392420,11326,43442,52108,55042,59679,60163,48360,44553,46224,54147,58850,55979,47605,34962,27917,24503,22507,17810,17856
WV,2008,1734727,67289,3715,13364,21215,905399,934911,22206,82760,105427,109047,121453,115487,111645,108886,119417,123320,135640,143211,137447,112450,88179,69894,55888,43628,34325
DC,2008,197418,309063,1804,21505,50446,273971,306265,7888,24836,24698,26935,40510,59153,61925,50168,42923,37883,38290,36618,33949,27675,20174,14970,11954,9932,9755
SD,2004,672491,8359,66835,6340,16371,383719,386677,11088,41397,51800,56536,61308,59448,45508,44962,47051,57729,57842,52525,41702,32746,26952,24750,22330,17597,17125
NM,2012,842619,43129,184105,32583,981348,1030850,1052934,26813,113936,144307,142469,143427,151204,140806,134531,120792,125253,131631,146580,140588,126496,98961,71106,52139,37976,34769
DC,2004,172775,326663,1661,18412,48243,267470,300284,7274,24569,27748,33268,37805,51436,52960,50295,42396,40852,38353,37210,31931,24803,18170,15399,13776,10694,8815
MT,2002,821627,4389,58965,6064,20622,454955,456712,11036,43564,58536,68041,72341,63165,47903,52926,59485,73908,75667,67469,52911,40919,33652,30239,24749,18934,16222
FL,2000,10608531,2368440,48272,305191,2717081,7830201,8217314,189540,756955,1028130,1064761,1019203,937986,991304,1090756,1260735,1231365,1094898,997424,829302,743001,726588,724797,618115,410269,332386
VA,2000,5043870,1417629,20978,289072,334268,3486075,3619742,93863,368393,493168,499023,485807,486670,494915,540473,609721,592573,530479,479167,361435,274934,229792,203306,166994,107368,87736
HI,2010,298788,29666,3494,914201,117796,683314,680631,18019,69743,83249,81522,85870,96790,97811,88657,86311,89646,95349,97855,93509,83046,59938,41755,34471,29745,30659
AR,2004,2139669,434042,19872,31000,125103,1346638,1403048,37766,148844,183762,195097,195713,197763,178555,176072,180140,202106,196117,179963,163147,134511,110490,92265,76183,54778,46414
CT,2006,2628177,342097,9215,125104,412867,1709785,1807675,40108,168704,226250,248202,251840,215159,195543,207734,253158,287782,292896,257563,226873,169373,121626,102369,96247,78986,77047
OR,2012,3103555,86796,54016,183573,471176,1929756,1969360,45120,187940,239066,240725,246300,267128,262146,269887,249494,257466,249277,271328,277557,254184,196808,134539,95215,73210,81726
LA,2004,2820650,1495571,28378,67901,139738,2213485,2338753,64593,257692,311293,341716,350733,363077,298790,293053,305567,343836,341201,304112,253241,194085,154990,129479,109490,76380,58910
WV,2002,1715606,61071,3574,11125,14038,881573,923841,20658,80856,105228,115806,120830,124791,105997,115922,122053,137452,142391,137028,109377,89497,76748,70310,59245,39663,31562
DE,2016,608074,213963,3442,39434,87152,460670,491395,10817,44017,56792,57277,60489,60466,67495,60006,56512,52913,60690,66996,68011,62634,58112,41849,28662,19240,19087
AZ,2000,3334438,165607,245017,106135,1309389,2576007,2584579,78966,305134,389520,381738,370484,367199,373244,369534,392930,378698,335059,300140,241181,205427,189473,175520,145023,92262,69054
AL,2010,3243540,1267089,28429,59977,186457,2323202,2462290,59284,245010,307288,320134,340891,337926,311214,299479,306645,311640,345441,347925,314039,278297,210523,161436,123046,89122,76152
LA,2012,2785240,1496346,31227,82113,208503,2252861,2350568,61598,249349,310807,310193,306085,352542,337091,317705,274002,287196,306043,328210,308272,259150,198479,142853,104972,78214,70668
CT,2002,2668303,325672,9129,101928,353717,1678249,1780500,41994,175275,238119,252593,232848,193805,190223,241267,277934,296765,270509,234718,199907,141107,114970,111006,99954,77377,68378
AZ,2010,3764409,270460,270092,199761,1903590,3184759,3223553,86575,366761,452965,449207,459823,446875,439874,418616,414258,408528,426122,417208,377448,354200,285108,217249,163107,119534,104854
NJ,2012,5214806,1183356,16816,808543,1649690,4325913,4547298,104659,430509,560511,579241,590127,558327,563265,571464,562875,632538,678416,687084,605773,497545,394085,277783,213449,176478,189082
MS,2010,1737285,1107844,14444,28810,81939,1443131,1527191,39621,170314,205239,208396,223181,212650,198960,189367,186665,187832,207548,208763,187622,162347,120912,94239,70015,51951,44700
MT,2016,916502,8779,69337,10062,37840,524775,517745,12644,50385,63879,62956,63639,73410,66847,66127,63628,55817,58801,66873,76994,75480,65560,44567,31317,20821,22775
KS,2006,2246477,171521,27837,65469,251627,1368839,1394092,39345,153862,191333,196898,207663,212607,172701,170436,175758,194812,208950,193700,166960,118498,93711,79965,72373,57740,55619
ND,2010,605317,9928,37603,7875,13803,341003,333523,9030,35798,40386,39795,47518,59066,49999,41404,37066,38159,45939,50211,46318,36288,26169,20807,18277,15518,16778
KS,2000,2261945,162441,26626,52036,190633,1331181,1362500,38430,150351,194851,204968,210971,191190,171830,176022,206639,213334,193867,163119,122471,99110,89772,85671,75253,53783,52049
IA,2012,2727796,109128,9841,66558,162987,1526277,1550033,38483,158885,203731,201779,213701,224096,193639,196029,173629,186259,199403,222979,211615,182086,136900,103621,83520,68648,77307
KY,2016,3815376,384212,9977,71889,155520,2186553,2250421,54810,220943,279336,281854,287950,305701,297342,277969,281710,271320,289109,307743,310802,279668,244308,167379,120548,80393,78089
IN,2006,5311567,584556,16947,95242,324357,3114466,3218203,87074,342863,437119,454143,469646,450986,412971,399289,429589,463686,482820,440819,390539,283688,223873,181071,158700,120473,103320
WA,2014,5115597,319812,109726,656937,852124,3521110,3533086,87976,357170,449894,437952,438746,494537,509811,505886,458396,459758,454618,493417,483198,430695,349638,240302,160273,113511,128418
ND,2012,623793,12617,38882,9110,17685,357166,344921,10017,37699,44035,40396,47977,64593,52218,46795,38351,38797,42524,50055,48311,39502,28984,21049,18089,15219,17476
MO,2004,4796887,676920,29765,88121,156048,2805056,2942685,76447,298769,378177,417069,419842,414298,354963,371944,384131,449512,436211,385109,329754,263967,211691,182226,157195,116229,100207
TX,2016,12097757,3395051,103405,1385259,10881124,13831432,14031164,405899,1613272,2038319,2029062,1970588,2005169,2069842,2015886,1913015,1813272,1780264,1738749,1682947,1433072,1188003,820446,566859,390142,387790
NJ,2014,5141059,1193793,16845,850616,1722688,4355535,4569466,103611,426590,551541,574477,577004,575951,569079,579218,565973,604037,646127,687067,634777,516573,421615,305363,221128,170583,194287
VA,2010,5290529,1589980,23834,483101,638329,3939333,4086440,100887,409642,512446,512277,550713,574094,566775,530568,537628,569288,620275,594956,516424,446422,322712,231457,174260,131367,123582
CT,2016,2451338,381247,9603,171916,562348,1745615,1830837,36202,149119,201909,222842,247426,247820,220179,221842,212996,210009,249599,274551,273130,231425,188340,135628,93443,70064,89928
KY,2010,3792755,357156,9247,55545,133959,2139717,2208945,55104,227123,282815,284640,296375,293401,285147,282249,283852,291685,322707,319888,289652,253306,186387,140504,105530,78600,69697
CT,2012,2549531,366795,9321,155823,512325,1751393,1842402,37197,157294,217672,234752,257342,231427,220931,214620,207544,249008,278384,287778,257914,209654,168057,113997,87671,74913,87640
NH,2004,1219916,13424,3603,24398,28780,636276,653845,14592,60320,82435,94723,94783,79850,66250,82956,97592,114665,110747,95540,81205,58594,43769,36762,31662,23235,20441
UT,2016,2441082,41955,33414,114326,420440,1535894,1515323,51162,202288,263134,257113,238378,252981,227834,221011,225430,185503,162476,151584,153997,137162,112923,78279,55118,38466,36378
NM,2006,844971,39340,175880,27297,874649,968168,993969,28482,111143,130787,142775,151293,142672,130857,116588,122313,137620,146405,137282,126591,92997,74570,60178,47788,34239,27557
AK,2000,440409,24770,105487,31334,25963,324750,303213,9445,38083,53439,56861,50226,40231,42571,46337,55520,58471,53812,41834,27607,17420,12753,9982,6944,3761,2666
CA,2016,15333060,2434409,208531,5993244,15280773,19493361,19756656,498832,1988540,2539626,2522475,2579986,2812191,3069878,2847907,2650907,2509025,2606256,2589041,2515467,2173251,1820671,1268331,898262,637038,722333
MN,2016,4510279,368333,67227,284691,289422,2747630,2772322,69937,282567,359459,361035,355903,366974,365353,383059,359893,316813,346823,380595,396278,343035,281124,191124,139519,101097,119364
AR,2016,2211541,476508,24747,56891,218561,1467873,1520375,37737,152540,196543,197518,199113,203340,201935,190820,186984,177742,183202,195695,197906,180439,163301,120279,87460,59014,56680
MI,2000,7916651,1448192,65943,194614,327050,4880268,5072182,132503,538949,741365,749920,722243,648007,649448,706999,783741,812276,738696,639232,488954,378818,328204,313936,260899,174916,143344
TN,2016,5000643,1153227,19741,128858,348725,3242515,3408679,81020,326579,414825,420383,421958,454897,464897,427157,420390,410894,438398,456021,454511,412212,368437,259972,181434,121502,115707
MO,2008,4882234,708122,30670,105873,197017,2899079,3024837,79684,309406,385829,398368,431330,411050,399665,355243,380859,397070,452653,430134,372594,307696,241970,187243,154439,119348,109335
AK,2004,453472,26237,108702,37996,32879,341479,317807,9959,38298,48026,56422,54612,50900,42769,44478,47010,55607,57556,50513,37026,23962,14904,11045,7935,4946,3318
IA,2006,2713439,86276,9529,49686,123714,1471520,1511124,40159,153152,193815,204516,220540,221840,177014,175007,186626,209189,225787,213439,187230,135795,112154,96495,87948,71253,70685
TN,2002,4585658,971396,15739,70195,152930,2824045,2971873,76362,304831,385722,410675,393266,411743,379507,416294,435862,453376,433072,394085,327249,256337,210773,178936,145742,100066,82020
DE,2000,574660,153517,2617,17745,37834,381926,404447,10412,41130,55591,55614,55902,52218,50942,57599,64519,63195,55201,49852,39629,32400,29989,26536,21359,13661,10624
NH,2012,1225591,18669,3647,33130,40145,652358,668824,12421,53877,75012,81422,92571,86624,75591,73921,73536,92849,105549,114189,102813,86616,66275,43703,32311,25330,26572
NY,2002,11882752,2959477,70009,1218419,3007143,9234873,9902927,246708,965513,1280742,1373601,1311291,1291779,1265507,1413944,1507528,1532264,1394318,1261054,1031712,789441,655960,604745,519295,370501,321897
TX,2008,11484467,2864352,90055,942865,8927300,12059103,12249936,389296,1528319,1823831,1821807,1846558,1777634,1810114,1685788,1748350,1677080,1739074,1597310,1336272,1063618,779327,593305,466994,338651,285711
DE,2002,577785,161322,2753,20122,44187,391517,414652,10653,41719,53432,57967,57541,56313,48904,56087,62614,64804,59229,52264,44388,35192,29933,27197,21777,14826,11329
LA,2010,2771189,1472131,30664,76748,194264,2225070,2319926,61081,252869,306385,307791,324176,340829,334307,298675,276288,288076,323771,329791,294735,245803,179189,134408,102909,77580,66333
AK,2008,466407,27184,112419,44189,37256,358043,329412,10815,40304,48232,50783,53905,54291,51241,44137,46213,48082,55716,55447,46586,31381,19549,12249,8726,5513,4285